epoch,train_loss,val_loss,lr
1,0.23024923913180828,0.18478597700595856,0.0003
